193491,DJç¨‹ä¸€,/user/1370548/
681575,è•Šå¸ŒErin,/user/5147926/
47039551,è´¹å¯é¸£,/user/2637359781829789228/
1455354,å›­é•¿å¦ˆå¦ˆçš„ç¡å‰æ•…äº‹,/user/13821369/
38266916,ã€å£°ä¸´å…¶å¢ƒã€å®˜æ–¹æ’­å®¢,/user/2645315773186023468/
67590,DJé™ˆæœ«,/user/511685/
13461,ç³–è’œå¹¿æ’­,/user/332/
89492957,ä¸»æ’­æ¨è,/user/2635684484736916012/
14275,å¤§å†…å¯†è°ˆ,/user/198/
18084,èƒŒç€å‰ä»–çš„è™è å¥³ä¾ ,/user/36376/
415593,ç¡ä¸é†’çš„è¹è¹ä¸»æ’­,/user/847232/
1289380,å¹½é»˜å­¦,/user/12920027/
1428586,éƒ­å¾·çº²ç›¸å£°[è¶…æ¸…],/user/2525632519289351212/
353471,åç‚¹è¯»ä¹¦å®˜æ–¹æ’­å®¢,/user/1302851/
1525731,å¤§å‡¯è¯´,/user/2552360964061657132/
928206,åŸå¸‚å¤œæ— çœ ,/user/4956981/
1574586,çªåœ¨ä¼¦æ¡‘æ€€é‡Œ,/user/2521396953322769964/
1327980,åŒ—äº¬è¯äº‹äºº,/user/14302642/
1314332,å›­é•¿å¦ˆå¦ˆçˆ±å­©å­,/user/2519197683107235884/
1597045,ç”±å°è—œ,/user/6040648/
193491,DJç¨‹ä¸€,/user/1370548/
681575,è•Šå¸ŒErin,/user/5147926/
47039551,è´¹å¯é¸£,/user/2637359781829789228/
1455354,å›­é•¿å¦ˆå¦ˆçš„ç¡å‰æ•…äº‹,/user/13821369/
38266916,ã€å£°ä¸´å…¶å¢ƒã€å®˜æ–¹æ’­å®¢,/user/2645315773186023468/
67590,DJé™ˆæœ«,/user/511685/
13461,ç³–è’œå¹¿æ’­,/user/332/
89492957,ä¸»æ’­æ¨è,/user/2635684484736916012/
14275,å¤§å†…å¯†è°ˆ,/user/198/
18084,èƒŒç€å‰ä»–çš„è™è å¥³ä¾ ,/user/36376/
415593,ç¡ä¸é†’çš„è¹è¹ä¸»æ’­,/user/847232/
1289380,å¹½é»˜å­¦,/user/12920027/
1428586,éƒ­å¾·çº²ç›¸å£°[è¶…æ¸…],/user/2525632519289351212/
353471,åç‚¹è¯»ä¹¦å®˜æ–¹æ’­å®¢,/user/1302851/
1525731,å¤§å‡¯è¯´,/user/2552360964061657132/
928206,åŸå¸‚å¤œæ— çœ ,/user/4956981/
1574586,çªåœ¨ä¼¦æ¡‘æ€€é‡Œ,/user/2521396953322769964/
1327980,åŒ—äº¬è¯äº‹äºº,/user/14302642/
1314332,å›­é•¿å¦ˆå¦ˆçˆ±å­©å­,/user/2519197683107235884/
1597045,ç”±å°è—œ,/user/6040648/
29345,GADIO,/user/95136/
13593,è–„è·å¾®å‡‰-å°ç³–,/user/627/
10463703,å‘å‘å¤§ç‹,/user/4860599/
21243,çˆ±è¯»ç«¥ä¹¦å¦ˆå¦ˆå°è‰,/user/84190/
1739335,å¤œå¬åˆ˜ç­±,/user/14637553/
1941087,çˆ±è®²æ•…äº‹çš„å›­é•¿å¦ˆå¦ˆ,/user/2500203046358029356/
1493904,æèğŸ,/user/2538138085155238444/
20737,èµµç•…ä¸è¯¯,/user/103214/
3804713,ç±³å°åœˆğŸ®,/user/2607459671058150956/
829032,åŒ—åŸ,/user/4578535/
3492294,ä¼¦æ¡‘_ä¼¦æ¡‘,/user/2607462269860322348/
1704285,æŸ”æŸ”ğŸ’Œ,/user/2579844869638971948/
26462519,é’é›‰ioi,/user/2646435705378541100/
660618,è‰¾è¾°å–ğŸŠæ‹›å† å,/user/2589727127678364204/
844903,hugo&amp;é˜¿æ™º,/user/3581460/
789517,ç”·ä¼¤éŸ³ï¼ˆHeRo.ï¼‰,/user/4838002/
74019,é©¬æ™“æ©™,/user/405513/
1865209,çŒæˆ·æ˜Ÿäº‘,/user/2505605449497519148/
1687017,æ—æš®éœ­ã€Œã€,/user/2555228603884043820/
413301,è€åˆºçŒ¬ï¼ˆ87Fmï¼‰,/user/789085/
1606128,é…·çˆ¸è¾£å¦ˆç¡å‰æ•…äº‹,/user/2516509671381293612/
73930821,ç¾ä¸½ğŸ–ğŸ˜º,/user/2598049810074572844/
3299762,DJé…¥å…ˆç”Ÿã€L.L520å† åã€,/user/2603586838966783020/
1686234,365è¯»ä¹¦,/user/14397828/
30562,å„¿ç«¥ç¡å‰ç²¾é€‰æ•…äº‹,/user/340458/
87713823,èƒ¡ä¸€å¤©,/user/2635504860469501484/
1251230,ä½“å›å…ˆé”‹,/user/14287577/
1708890,ã€Šè¯»è€…ã€‹,/user/2544758401649219116/
176666,è”æç­ä¸»ä»»,/user/25714303673060140/
1092276,è¢–æ°”Lure,/user/2566024738621283372/
36151904,è‹åº”mio,/user/2645746075612813356/
246264,ã€Œä»Šæ—¥æœ‰å’©è¬›ã€ç²µèªFM,/user/2518778/
231563,è€è™å·¥ä½œå®¤,/user/767949/
25455,ä¸‰å¥½åç”·å­©å®˜æ–¹è´¦å·,/user/49930/
1295719,æ¥ å€ªã€‚å°èƒ–çº¸,/user/2575444224672290860/
67027230,zsttt,/user/2649992262569400364/
57869450,çˆ±è´å°‘å„¿è‹±è¯­ç¥æœ¨ä¸­å¿ƒ,/user/2646194409819844140/
1513497,.Lust,/user/2568674192368063532/
1768389,å°åŒ—ç”µå°,/user/2549591670079014956/
265734,Marshall_liu,/user/2231180/
1446271,è¯±æƒ…,/user/2588967152543157804/
82053309,å¥¶èŒé…±ğŸŠã€æ‹›å† åã€‘,/user/2637467777155454508/
1755892,çŸ¥é˜…æ•…äº‹å±‹,/user/13235942/
358962,ç­è¿ªä¿±ä¹éƒ¨,/user/1114227/
2017105,æ¸¸æˆæ—¶å…‰-VGtime,/user/2593153184736135212/
2867256,äºŒæ›´é£Ÿå ‚å›,/user/2600041028077024812/
1962163,ä¸ä¼Ÿæ°,/user/27778383090120108/
92302043,æ¨±æ»¡é›†ã€è¶Šå‚»è¶Šæ¬§æ°”ã€,/user/2592115941322433580/
1685070,èŠ±å’Œå°šèŠ±çˆ·,/user/2522756411616589356/
813253,ç‹å¿—è°¦å¾®åšï¼šç‹èªŒè¬™,/user/4415808/
1972249,æ›²è°ƒğŸ’˜(æ¢¨è‹‘Radio),/user/2567221589559001132/
1233949,æ¤¿è¯å”å”ğŸ”¯æ‹çˆ±è¯¾ç¨‹,/user/2578966263290636844/
3721564,å•ç”°èŠ³è¯„ä¹¦ğŸ˜ƒ,/user/2610272363543983660/
888666,ç½—å¸ˆå‚…ğŸšç‡ƒç‚¹å¨±ä¹,/user/2567679733481583148/
469123,ç™½ç™½â™›,/user/2827487/
1594416,ç©ºè°·ä¼ å£°tao,/user/2513249619405634092/
1601285,ç†Šçˆ¸çˆ¸TY,/user/14371600/
1286590,æ´ªæ©æ•…äº‹,/user/2566100841464052780/
249394,ç»™åŒæ ·å¤±çœ çš„ä½ -å‡Œå³°,/user/912703/
1715672,AriosğŸ¶,/user/2564468811556633644/
3751397,ç«¥è¯ç½å­,/user/2612607700805743660/
479228,è®¸å·,/user/3024789/
42043079,729å£°å·¥åœº,/user/2615264021819002924/
2697060,èˆ’å½¤ÊšğŸ°Éç‹å°å¤©,/user/2588961901945234988/
952009,é«˜ä¸ªå­å”å”,/user/3449692/
1471340,ä¸€å¿µÂ·ä¸‰ä¸€,/user/2560395823201765420/
1902827,NJé¢œå°ç™½ã€Œæ‹›ä¸»æ’­ã€,/user/12760959/
319265,ä¼˜æ–¯è¿ªå§,/user/515588/
2174464,é…è§’ä¹Ÿä¼šå‘å…‰ya,/user/2609564821708409388/
1694625,æ˜¯æ–‡å­å•Š,/user/2511214041131249196/
1526118,-ä¼¦æ¡‘å®¶å…»å½•éŸ³ç»„-,/user/2512162629755121708/
380030,å¾®å°å®ç¡å‰ç«¥è¯æ•…äº‹,/user/1929412/
13580,Boboæ˜¯å®‰é™çš„è¯ç—¨,/user/6929/
682742,è‰ç²¾çµæ•…äº‹æ±‡,/user/5522278/
12806725,æ²é˜³æ¸©æŸ”æ”».,/user/2629895618816614956/
607895,è‰¾ç›è€å¸ˆå¾®ä¿¡5808340,/user/4913838/
12638,åè›‹è°ƒé¢‘,/user/276/
725898,è¶´è¶´ç†ŠÂ·å°ç†Šè€å¸ˆ,/user/2500960530413266476/
2311689,å‡¤ä¹ğŸ¦„é‚£é¦¨æœˆ,/user/2598911898143131692/
187702,NJè‹æœ¨,/user/886042/
309761,æ¥ å°ç‚¹ğŸ åˆåˆæ¥ æœ‹å‹,/user/3102662/
3190279,Boss,/user/2597698120976333868/
72082110,çš®çš®ç†Šà¹‘,/user/2606739712261462572/
12537,å¿ƒæƒ…æ—¥è®°ã€å¶å­ã€‘,/user/436/
1874054,å‡¤å‡°å¨´å·¥ä½œå®¤fhx,/user/2557328424132414508/
73126980,è‹è‹ç”µå°,/user/2640996182985046060/
1358732,çµå¼‚äº‹ä»¶ç°¿ä¸å®šæ—¶è½¬æ’­,/user/759437/
3713039,ç™½è‰²â„ï¸,/user/2589493958198046764/
1890020,â€¢å›­é•¿å¦ˆå¦ˆâ€¢,/user/2539416540048457260/
86184,å¼€è¨€è‹±è¯­OpenLanguage,/user/548218/
45402917,é™æ­†â„¢ğŸ’¤,/user/2636312059438000684/
3193225,è¯—å®çš„èå­,/user/2603711403755619884/
3480057,éŸ³ä¹é¢‘é“ç²¾é€‰,/user/2590941525339300908/
2450613,èˆ’æœå„¿éŸ³åª’ä½“å·¥ä½œå®¤,/user/2604008956940721708/
202840,ä¼˜è´¨å¥³çº¸å¿…ä¿®è¯¾,/user/2234472/
94145316,è‹è¨€ğŸ”†ç¨šæ€§å† å,/user/2637895759910763052/
10125180,ç‹å¹¿å…,/user/2619941791536777772/
539382,åä¸‰æœˆæ–‡åŒ–,/user/3632443/
1709643,é˜¿ç´°-CHEUNG,/user/12345943/
1649146,è«å¿˜ğŸ’«87Fm,/user/2577585536449418796/
70098,é¥¶é›ªæ¼«,/user/406053/
15773421,ç¢ä½ ä¼¤å¿ƒâ­ï¸,/user/2645472077925943340/
62403631,å…”ç‰™ä»™å¥³ğŸ°,/user/2560589801106632748/
31185903,å¼ æ€å¸†,/user/2650352769142261292/
605262,æ‚„ç„¶Edward,/user/2532010197828721708/
282584,å®‰ç„¶ï¼ˆæ¢¨è‹‘Radioï¼‰,/user/3690128/
3175818,å¤åä¹â›„,/user/2614868861207350828/
1421862,ä¸€åªå°æ¥˜ä¸ƒ,/user/2497220322567297068/
21628,é¬¼å½±äººé—´,/user/55587/
68865414,é˜¿å•¾ğŸ¥,/user/2623791471709806636/
19339,èƒ¡å­å“¥,/user/23250/
97903915,ç¨å–˜ğŸ­ç¨å–˜å¤§ç‹ä¸‡å²,/user/2645363656020369452/
3144281,ä¾¯ä¾¯è€å¸ˆ,/user/2591926554661174828/
18459,ä¿®ç‚¼çˆ±æƒ…âœ¨å¼‚åœ°æ‹ç’ç’,/user/11953/
1765270,æœ¨æ¥ âœ¨ä¹å¤©æ˜Ÿå…‰ğŸ’«,/user/2547221489910239276/
18155010,åœŸä¸€æ˜,/user/6937141/
1833519,ç§‹æ°´ğŸˆã€Œç‹¬å£°Fmã€,/user/2529799305218057260/
25668,DJæ™“è‹,/user/134098/
3445262,å¦–è samağŸ«æ„Ÿè°¢è€æ¿,/user/2589144740848898092/
73288695,ä¸çº¦ğŸ’Œå°Šå°š,/user/2607681312892207148/
680929,äº‹ä»¶ç°¿ğŸ’«87Fm,/user/3595225/
1967306,Roxanneä¸¶,/user/2579318643800449068/
3527195,æ˜Ÿå®‡âœ¨âœ¨,/user/2601519692678816812/
48134057,Vinå‘¨éœ‡å—,/user/2642900545613266476/
30118,åŒ—æ§½,/user/150431/
1661351,è€è…ç«¹,/user/5901469/
1207406,ç‹å…ˆæ£®ğŸ¦Šå¤œä¼´è‰¯äºº,/user/5741178/
1707825,ONEæ·±å¤œç”µå°,/user/2586683336194808364/
87943508,é˜¿é“¶âœ¨,/user/2625107575760968748/
409639,åˆ˜æ€ä¼½&amp;æ±ªå†°å¿ƒç†å¯¹è°ˆ,/user/763391/
1252048,å¼ çš“å®¸Orson,/user/2585026582303791148/
606697,ã€Šæˆ‘ä»¬è¯»ä¹¦å§ã€‹,/user/437472/
1290701,æğŸŠå®°è´¤(ç‰ç‹—è¿æ˜¥),/user/2513590218902622252/
50369235,å­”èˆ’èˆª_,/user/2638414780283908140/
748564,ç”œå¦ˆå’ª,/user/61618/
49277,Felicityæš–æš–å¦¹å¦¹,/user/297711/
1635154,ğŸƒä¸‰è—ä¸‰è©æğŸƒ,/user/2570156937394908204/
2928750,Vk,/user/2603058188920808492/
1529449,Njæ¨¹ä¸€ğŸŒ³,/user/2538333209815330348/
535519,NJç°ç°,/user/4751060/
1839534,è¡£å† æ“’å—å·¥ä½œå®¤,/user/2501205283631663660/
56452836,â”ç±³â•®æ¸£â”,/user/2644111106117593644/
2597092,å‘¨å‘¨å§å§ğŸ’•,/user/2590188340593776172/
2764893,screenbaker,/user/2555378231953050668/
79426983,å®‰å“¼,/user/2625529176769916972/
3564552,æ‹–å»¶ç—‡å®å®,/user/2593271802842646060/
297124,å°é›ªè€å¸ˆè®²æ•…äº‹,/user/1679268/
1407328,ç›´ç”·æ£è›‹æ¥æåŸº,/user/2502275520549642284/
1027992,ã€–æ·±å¤œé…’å§ã€—æ—å¯’â€•L,/user/14554780/
494568,ä¸»æ’­æ›¹æ™¨,/user/2562071/
73835642,é˜¿è±ğŸŒ™,/user/2644431632285379116/
29985,ç¼˜æ˜”ğŸ’¨ï½œåŒ—ç¬™ä¼ åª’,/user/60489/
1980942,å°è¶Šå¦ˆå¦ˆè®²æ•…äº‹,/user/13121998/
34890375,ç¥ç–å„¿,/user/2645516730552945708/
1051342,ç¿¼ä¹‹å£°ä¸­æ–‡é…éŸ³ç¤¾å›¢,/user/12782249/
1747990,XEåŒ—è¡—ä¹å‘½çŒ«,/user/2509508131660174380/
12329,å¹²å˜›ç”µå°,/user/2222/
1440194,æ¯›å—‘å¹¿æ’­,/user/6246399/
1595051,ğŸŒ¸æ©˜å­ğŸƒ,/user/2531822234814542892/
1998256,åŒç¬™çš„å¼‚æ¬¡å…ƒç©ºé—´,/user/2502416075502484524/
3442839,æš–è‹ğŸ”°æ‹›ä¸»æ’­æ‹›ç®¡ç†,/user/2603288207823078444/
1225731,ä¸€å‘¨æ‘‡æ»šå…«å¦ç§€_,/user/2400242/
1587413,ç¡å‰ä¼´è¯»,/user/2553992738101188652/
1883841,æˆ‘æ˜¯æ™“å¦,/user/12271865/
1687341,41ğŸ“»(åˆºè€³Radio),/user/2574645747301634604/
98206486,Aliceã€ç­±ç­±,/user/2628423814499579948/
1454720,é»‘å´å­ğŸŒ·æ‹›å† å,/user/28471945414645676/
2776579,å°Šå°ŠğŸ™‚ASMR,/user/2612379946984586284/
2469591,å¢¨æŸ ğŸƒ,/user/2584818662958387756/
58087457,å®¥è¾°,/user/2649740126514182188/
1986739,è€æ´‹ï¼ˆæ¢¨è²FMï¼‰,/user/13661488/
1914032,æ—¥è°ˆå…¬å›­,/user/2554978980702743084/
1331076,Aaronå£°åŠ¨å±‹,/user/2501202107503330860/
1963603,èµ«æ¶µèŒ,/user/2501677493599721004/
21824059,åœŸè±†åœŸé‡‘åœŸ,/user/2634504221175892012/
1776072,è¯»å¿ƒå¥³ç¥å®‰å®‰è€å¸ˆ,/user/25684213132401068/
435190,ç½‘æ˜“è½»æ¾ä¸€åˆ»,/user/1322660/
537223,ç½‘é€šæ—…è¡ŒéŸ³ä¹é¢‘é“,/user/3535478/
73951742,æ— æ‰€è°“å°å§ğŸŒ…,/user/2649579628130306092/
1038158,è“é‡Œç”µå°,/user/2540841511733470252/
1214491,ç†ŠçŒ«å¤ªåæ‘†æ•…äº‹,/user/12739604/
60670,ğŸ›æ¯›æ¯›é˜¿å§¨ğŸ›,/user/428214/
1749728,DJ_YUKIri,/user/12637445/
514771,LoadingRadioå” å®ç”µå°,/user/1313838/
1815321,é˜¿å…°è€å¸ˆè®²æ•…äº‹,/user/2564782823056425516/
45839095,é¹¿ä¸€ğŸš€èŠ±ç«Radio,/user/2650125309918708268/
15354,çˆ±ä¸Šç”·å£°FM,/user/9064/
1970438,Miss_zhangå¼ ,/user/972519/
1995921,è¥¿ç“œJUN,/user/12872079/
3879428,ä¸»æ’­è±è‰,/user/2593336296364893228/
1731598,æš´èµ°æ¼«ç”»,/user/2522668338803499052/
403783,ECHOä»»å°çº,/user/2426946/
2315997,æ–­æ–­æ–­æ–­å¿†é˜¿,/user/2595637844489435692/
751730,ğŸ™ä¸€æ´ªåˆ¤å®˜ğŸ”¥æ‹›ä¸»æ’­,/user/5331694/
233233,é—ªé—ªã€å¾å¥½ç©,/user/24555101931700908/
1497596,æŸ’å¹´ğŸ’¤,/user/2513740070312074796/
18204014,éé±¼ğŸ³ã€æ²è²FMã€‘,/user/2626794645358173228/
1588098,Cvè¨€å€¦ğŸ…ï¼ˆçº³å…°æ™´é˜³ï¼‰,/user/2503095803468451372/
62829923,FMéŸ©å†¬,/user/2639747493627939372/
496737,èšŠå­xi,/user/2140298/
257967,æ–½çŒ«çŒ«,/user/505903/
3270905,æ‡µé…¥Â¹Â¹Â¹Â²,/user/2602876455669886508/
29189649,é‡‘æµ©æ£®_,/user/2636932510270598188/
1918620,å°éµ¬å±•ç¿…,/user/2571326570807344684/
353363,NJä¼Šè”“,/user/2103384/
500193,TeacherGwen,/user/2084170/
1290138,1983æ¯ä¸‰è§‚,/user/2520280925609158188/
1995079,å®¸é±¼â€”ä½™è²FM,/user/2529698523809814060/
80503283,Må…ˆç”ŸğŸ‘‘,/user/2638298288539060268/
14393,å‹çš„èŠæ’­å®¢,/user/405/
1297289,æƒŠå¤º,/user/2578619992209088556/
1604569,NjæŸšå­(æ¢¨è‹‘Radio),/user/2575411866386271276/
3072236,ç„±åå…«ğŸ”¥å°å’Œå°šå† ğŸ”¥,/user/2603895881190701612/
2024982,mmpè·‘éªšå›¢å¤§é˜Ÿé•¿ï½€é˜¿ç¦,/user/2614394808484125228/
1614387,è‰¾åŠ›é…·è‰¾è‹±è¯­,/user/5832293/
12213,äº•æˆ·ç«¯ä¼šè®®,/user/6018/
1308036,èŒçŒ«ğŸŒ™,/user/4771922/
1378369,ğŸŒ±é’æ²ğŸ‘‘å‡Œæ³¢,/user/2513062071279755820/
1096402,è‡³å–„å„¿ç«¥ä¹‹å®¶,/user/2562979439305416236/
10520,å¢æ€æµ©Kevin.,/user/451/
1327510,å°æ›¹èƒ¡å’§å’§,/user/14146308/
1445695,@æˆè¨€ï¼Œ,/user/2558452140046077996/
1782923,å­èµ«ç”µå°(æš–éŸ³RADIO),/user/2572445390549587500/
2917259,æ”¯å›­éº»éº»çš„ç¡å‰æ•…äº‹,/user/2603527132478606892/
1980217,æ˜Ÿè¾°(è¯·æˆ´è€³æœºğŸ§),/user/2561773068888780332/
154721,CCTVå¼ è‰,/user/1708320/
38146360,å¹»ç†™å®¶æç¬™w,/user/2608077255583152684/
1221979,èœœå©•ğŸç‹ç‹¸å‘€hh,/user/2577207521347244588/
569686,å‡¯å”è®²æ•…äº‹ä¹‹ç³»åˆ—æ•…äº‹,/user/4031983/
78171272,å°äº‘ç†ŠåŒ—åŒ—,/user/2585220910265506860/
845961,Jasonliu,/user/5474029/
1526517,ä¹éŸ³å ‚ç«¥è¯å®¶æ—,/user/14017685/
1475646,è‹ç¦»ğŸ…2.15ç”Ÿæ—¥ğŸš€,/user/2518654356859045932/
45047,RussianCRI,/user/278910/
25938,ä¸ºä½ è¯»è‹±è¯­ç¾æ–‡ç”µå°,/user/77363/
306435,å­å–„ğŸ’—,/user/3074320/
756410,å€¾åŸéŸ³ç”»ç¤¾,/user/12318693/
1328673,ç½‘é»„ğŸŒ¾ï¼ˆæ¢¨è‹‘Radioï¼‰,/user/2583045112047554092/
70437228,é™ˆé“–âœ¨ã€åä¸‰æœˆã€,/user/2622773427020364332/
1365154,Softreaction,/user/2509741324762918956/
1908329,éƒ­æ€¼æ€¼ãƒ&lt;ç©·&gt;,/user/2552834539719176748/
116090,ä½œå®¶é©¬å®¶è¾‰,/user/27659050913272236/
29637207,åœ°ç“œå¦ˆå¦ˆæ•…äº‹å±‹,/user/2621204275123398700/
742825,æ‹å¸†,/user/4920432/
65005797,å°å°ç”µå°äºº,/user/2638678948713928748/
1593326,D3ç”µå°ã€å‹å®¶ã€‘,/user/2577632370921341996/
54960931,å‘¨å»ºé¾™ã€Šé¬¼å¹ç¯å…¨é›†ã€‹,/user/2617184632410917420/
2388701,å…¬ä¼—å·ï¼šè½æ¦œæ–‡é’,/user/2604453340025449516/
2695336,æ—æ™“èœœğŸ­,/user/2594515777841365548/
40886826,å›å½¦ğŸ§æ„Ÿæ©é™ªä¼´ã€‚,/user/2620110276084970028/
1079315,äº‘ã€æŸ’,/user/2579144731988086828/
1457785,è¾¹æ±ŸğŸ¸,/user/2587299895627493420/
1256826,MTkoala,/user/2505036570553053228/
1241136,ç³–ç³–å¦ˆå¦ˆçš„æ•…äº‹ç›’,/user/2498731708674551340/
10881,å­Ÿé£Phoenix,/user/10278/
14505,è·‘ç«è½¦ç”µå°,/user/742/
29264739,(à²¥_à²¥)å°¤é‡ŒğŸ‘¾,/user/2643676276308359724/
3758241,å›­é•¿å¦ˆå¦ˆè®²æ•…äº‹ğŸŒ¸,/user/2578381211354857004/
20025,éº¥ç”°å’–å•¡é¤¨,/user/163159/
3971084,å¬å¿ƒå…ˆç”Ÿ,/user/2596210904876612652/
68826375,äº¦è‡»ğŸ‘¿,/user/2649256291439981100/
383838,æ­£ç‰ˆæ²³å›¾,/user/14124059/
20124,çŸ­å‘æ¡ƒå­,/user/128088/
1353697,å¤æ—¥ï¼ˆæ‹›ä¸»æ’­ï¼‰,/user/2561308836613658668/
10192252,ç”œç‘¶ç‘¶,/user/2552347058782970412/
1260791,äº‘æºªç„¶ğŸ¶è¦æ¥ä¸€æ¯ä¹ˆ,/user/2520799422441130028/
3468618,äº‘é—´ã„æµ…éŸ³,/user/2575956790361476140/
2646628,è´¢ç»éƒçœ¼å®˜æ–¹æ’­å®¢,/user/2585427850340139564/
14736,ä¸€ä¸ªäººçš„ä¹¦æˆ¿,/user/575/
2802551,ğŸ³Tim(æƒ…æµ“å† å),/user/2544536521169100844/
739128,â™¡åäºŒ.ã€èŠ±ç«Radioã€,/user/5209731/
523000,Njå¤©ç¦,/user/5952506/
12781,æ–°é—»é…¸èœé¦†,/user/348/
728680,æé¾™å”å”è®²æ•…äº‹,/user/4764920/
733029,é¡¾æ™´å“¥å“¥ğŸ’Œâ„¢å…œå…œå† ,/user/4860553/
17952,å®¿é›¨,/user/20790/
26675397,çŒªçŒªè“å­©ğŸ’¤,/user/2626447055802721324/
155896,å¶å¯»è¯—,/user/1684477/
1931481,cvè‹è«ç¦»ä¹‹å…»æˆ,/user/2520052010082945580/
14581,NJä½éŸ³ï¼ˆæ¢¨è‹‘Radioï¼‰,/user/30654/
1997060,NJç‹å…ˆç”Ÿ,/user/2530628472276440108/
1896906,å¤§åœ°å›­é•¿å¦ˆå¦ˆ,/user/2542198910058604588/
186458,ä¸»æ’­ç´ å¹´é”¦æ—¶,/user/3785827/
3283357,å•Šé¥¼ã€Œé•¿ä¹åºœã€ğŸŒ,/user/2595686867246707244/
12511,ä¸»æ’­å‡¯ç´«,/user/263/
1401093,åˆšå¥½çš„æ–¹æ–¹,/user/2543133748661420588/
49253568,å¦‚çŒ«æµ®æ°´,/user/2645325224653101612/
908643,å—æœ¨ğŸ’‹ï¼ˆæ¢¨è²FMï¼‰,/user/2577090721860155948/
14649,NJå¤å¿†,/user/362/
66066,äº”å°ºğŸ±,/user/421002/
1452927,é¾™å®èŒã€é²œè¡£æ€’é©¬ã€,/user/2529240802704037420/
64820240,#seeyou,/user/2613288096343448620/
3674091,åšæ˜•ç‚€,/user/2616251628075451948/
23585930,ç™½å¢¨ğŸµ,/user/2624234398802228780/
1625175,ProfessionalProcrastinators,/user/2587468947687968300/
1831751,è¿æ‹›æ‹çˆ±æ³•,/user/14606155/
1263040,LucyğŸŒ,/user/2580105945667083820/
16308838,æå¸¸è¶…Eræ­£å¦»,/user/2639152196128856108/
1014976,å°çŒªä½©å¥‡é˜³é˜³,/user/2567154946378319404/
2939501,è‹ä¿ŠğŸ’«ä½™éŸ³ç¼­ç»•,/user/2616940259507015724/
1823197,NJå‡Œå‰ğŸ’¢å°å±±é¸¡å† å,/user/6264400/
25965856,å¤±äº†æ™ºçš„å°å¯çˆ±,/user/2523669072626346028/
1307862,è·Ÿå®‡å®™ç»“å©š,/user/13905815/
3116541,è‹å°é»˜ğŸ³äº‘æ±é˜,/user/2606930962778056236/
52714915,æš´åŠ›æºªå®Piaâ„ï¸ğŸ¾,/user/2640125994142880812/
1328172,äººå¿ƒï¼ˆå‘Šåˆ«è¿‡å»ï¼‰,/user/2526003932812793900/
120315,å°å½¤è®²æ•…äº‹,/user/1096860/
24905607,å±±æŸ³å…°,/user/12359889/
12345,è”æå¦¹,/user/574/
2819821,ç’Ÿå¹´âš¡ï¸ä¸å®¶äººä¸€èµ·,/user/2589430873718589996/
1935052,èŒ¶å¶æ¸£âœ¨ä¹å¤©æ˜Ÿå…‰ğŸ’«,/user/2570234953418231852/
1411761,æ´¥å£æ¬²è¨€FM,/user/5112172/
988518,éƒ‘å¤•å¤•,/user/3555724/
1063597,å°´åµå°¬çš„äºŒå·,/user/2580211275536931884/
13899,80åº¦Radio,/user/1615/
1359617,è”¡ç…§CAY-Z,/user/2588385178009210412/
80460610,å°èŒ—æ£‹å–,/user/2600840905309420076/
94428703,å°æ±Ÿçš„æ—¶é—´ç¼éš™,/user/2632381723499658284/
85211808,å–µå–µï½å–µç–ï¼ˆæ‹›åœºæ§ï¼‰,/user/2650366256007143980/
92011493,å¥‡è¿¹è¯¾ç¨‹åˆ†äº«,/user/2648334487045403180/
1547723,ä¸ºä½ è¯»è¯—å®˜æ–¹æ’­å®¢,/user/2521380321272901676/
428496,å½©è‰²æ–‘é©¬è®²æ•…äº‹,/user/2655333/
1464597,Dear_Baekhyun,/user/12595795/
1731863,Sunnyå†²1731863,/user/2534176768098099756/
1560589,æŸšå­èŠ±å¼€(æµ·ç´)â˜•ğŸŒ»,/user/2584500483188617260/
1521762,Lucasã€Œä¸»æ²»åŒ»å¸ˆã€ğŸ,/user/2560749041311224876/
96073705,å°é˜¿æ™´å–,/user/2601920123219499564/
3726173,ğŸ«ç„å©§ï¸,/user/2590794792121383468/
1220272,AlvinBachman,/user/2510677374229703724/
1530584,æ´»ä¸èµ·çš„çµçŠ€å°ä¸‰å²,/user/2563480913244696620/
1613225,èˆæ­¥å­¦é™¢,/user/2504000068242648108/
352540,å½±å­Â·,/user/1291103/
91974794,ä¸‹é›¨å¤©ğŸš‘ğŸ±,/user/2607490051558026796/
80423184,å—éŸµä¹‹,/user/2650122805615783980/
1499789,æ¬§é˜³åº”éœ,/user/27424405030704172/
1860758,é‚±è‰ºğŸ¦ç‡ƒç‚¹-å°æ†,/user/2521048955956873260/
1949116,å¤§æœˆäº®å’Œé€”å®å®,/user/2501169098319621676/
3819093,DJå®‡ç¥,/user/2613847670452659756/
23799,æ€€æ—§å¬é‡‘æ›²,/user/56415/
1823474,ã‚›å°å¤©å„¿ä¸¨æµ·æµªLive,/user/2565033286224994860/
2619421,ä¸€åªå‚»é˜³å…‰,/user/2606967199419353644/
2478606,â˜€å± è‹Sama,/user/2590600736908504108/
1662373,è°·ä»”ç¡å‰æ•…äº‹â£ï¸,/user/362769/
71503067,å¢¨èˆ’ğŸ’«ğŸŠï¸,/user/2617357925749987884/
418924,æ´›é˜³å¸ˆèŒƒå­¦é™¢ç½‘ç»œç”µå°,/user/990894/
2685490,æŸ æª¬å¦ˆå¦ˆç»˜æœ¬æ•…äº‹å§,/user/2606036507923081260/
3694187,é‚ é‚ ,/user/2611417945570600492/
179278,å…”å°è´,/user/2198340/
78772686,è«_å‡¡,/user/2505797702970378796/
303996,åŠå²›ç«ç‘°âœ¨å°ç«ç‘°æ˜Ÿ,/user/573388/
926484,æ˜Ÿä¹‹å£°è½»è–„ã®å‡ç›¸,/user/5494315/
335577,è¡¨å“¥ğŸ™ˆå…³æ³¨2æœˆ20å‘¨å¹´,/user/2585422786615817772/
1802938,å±±ç¾Šå“¥å“¥æ•…äº‹å±‹,/user/2540119147307456044/
198754,ææ˜“å³°,/user/26477307565388460/
53516971,è–„è·å°é›ª,/user/2640143354322310188/
1208403,Niceå½­å½­,/user/6656700/
40762842,çè´µçš„ä½ â˜ç¿»å”±æ­Œç¥,/user/2642777485761894444/
1746347,è€é»‘Abbey,/user/2521039337166494764/
1977324,éªšå¾¡ğŸ’ƒğŸ»,/user/2577067428102954540/
1028838,åœœç“æ·»é“¸é”­,/user/2546861524405440556/
677437,å¸ƒè±æ©æ•™è‚²,/user/4280322/
10434,æŒ¥éœ,/user/430/
12884,è¿·å¤±éŸ³ä¹,/user/271/
1660129,å†¬çœ ä¸­çš„æ°´,/user/13677495/
80449308,å¤§é­”ç‹ğŸ‘‘2æœˆ14ç™¾å¤©åœº,/user/2633658003725234220/
1779076,æ·¼æ·¼â™¥ï¸,/user/2540553450105816108/
370918,èŠ±è½ä¸–ç•Œâ™ªæ²»æ„ˆçº¯éŸ³ä¹,/user/2070396/
14717231,æ™´æœ—ğŸ•ğŸš€,/user/2647981953982290476/
1339832,ğŸ‘¿ä¸‰åƒé“éª‘ï¼šÊšé˜¿æ¥ É,/user/3585419/
1397686,å³å…´å•ŠğŸ¼æ€ªç‰©å¨±ä¹,/user/2567290890684492844/
1718573,æµ…å¤å®‰å®,/user/2555559402265818668/
67960941,é™ˆç§‹å®_Chambers,/user/2624917710290095660/
83680464,æºé™é¦™olw,/user/2646650505531531308/
1939416,å¨œÂ·å°æ¢¦,/user/6761252/
1882758,é˜³å…‰ciciçš„ç©ºé—´,/user/12935593/
2883987,MÃ¹_baek,/user/2581310823579939372/
13189324,Må¶ç§‹æ©™ã€Œæ‹›ç®¡ç†ã€,/user/2640347681578255916/
1236993,æµªå­å“ˆé›·,/user/2587672091052843564/
1619331,ä½ çš„æš–å¿ƒç”·å‹ä¸‰å¹´,/user/2570052524593219628/
1938169,å‘èŠ½åœŸè±†,/user/5889965/
987241,äººé—´å¤±æ ¼èµ°å¤±äººå½¢,/user/5574763/
1978947,ä¿ä¹å²à´’ğŸ³,/user/2531579672240684076/
1275401,å°æ¸…æ–°å®…è…å‰§,/user/14170027/
1487110,ä½ çš„è¿ªå“¥,/user/2524555906064308780/
1528865,è§å¿†æƒ…Alex,/user/12872448/
96524623,é»„ä¸äºŒğŸŒ»ğŸŒ¸ğŸ’ğŸ„,/user/2650305106087794220/
11179,é—²ç™½å„¿ç”µå°,/user/408/
1910396,-é­”æ³•åŸå ¡é‡Œçš„å°ç²¾çµ-,/user/2511394633768959532/
1594831,å¤§é£â—å¤è€çš„é¾™èˆ,/user/2505569653092933164/
1060117,æ™´å„¿é¹¿å„¿ğŸ‰,/user/13502254/
13433,é©¬æ‰å„¿ç”µå°,/user/309/
12470,åƒçº¸é¹¤ä¹‹å£°,/user/229/
1346628,578å¹¿æ’­,/user/2526095467367431212/
2691149,é¥¼å­å£³ğŸŒˆå¥½å¥½å”±æ­Œ,/user/2607729637718839852/
1039061,GNEHCå¤•,/user/14618364/
3704943,å£ä¸æ‹©è¨€ã€‚,/user/2526356442253449260/
1845375,æœªå¤®âœ¨ğŸ’«,/user/2528024607764354092/
153165,AR_LIVE,/user/2100160/
357793,ç„èˆ¸ä¸Šçš„ç”œè¾£å¤å·¥ä½œå®¤,/user/2809285/
1952568,æ»¡æ±‰å…¨å¸­éŸ³ä¹å›¢é˜Ÿ,/user/6564018/
1432085,NJéº»èŠ±,/user/2515025397257001004/
209615,å¤§ç™½åå¸,/user/2747941/
42960528,å¤ç‘¾æœ¨Â®ğŸ€æ„Ÿè°¢é™ªä¼´,/user/2608040771589700140/
621878,ç„æœˆğŸŒ™ã€ç‡ƒç‚¹äºŒç‹—ã€‘,/user/2542532744979270188/
1031639,éº¦æ‹‰å†›,/user/2726046/
26139837,é¢†èˆªå“è¶Šå¹¼æ•™å›­é•¿å¦ˆå¦ˆ,/user/2505089662578866732/
1602695,æœç„¶é˜¿,/user/2572237217780187692/
1022953,æ©™å­åŒ_å­¦,/user/2531235696901738028/
1926283,å°ä¹¦è™«å¬æ•…äº‹å¥½ä¹¦å…±äº«,/user/2556875332999343148/
15067204,ä¸è¦å¨ƒå¨ƒéŸ³,/user/2649977760611482668/
48929141,ä¸€åªå°L,/user/2622091821525606444/
513059,å°é»„ç“œç”µå°,/user/906295/
1838721,çº³å…°å¿å¿æˆšğŸ’—,/user/2554914983542235180/
1697925,ææºªèŠ®,/user/2579810232832128556/
3857551,å®‰å¯ğŸ·ï¼ˆæ¢¨è‹‘Radioï¼‰,/user/2615136626644760108/
3826337,é‡‘ç€šå›ğŸ’˜2.13æ»¡æœˆ,/user/2617564462136368684/
38273631,YOUNG-Gå…»é¸¡,/user/2627329218461972012/
1788161,å®å®å·´å£«,/user/2537510764592001580/
603292,å¸ç©ºæ‘˜çš‚,/user/4798027/
26616,æ–°ä¸–ç›¸,/user/91795/
2600102,å…±èµ¢ä¸€ä¸€æˆé•¿çš„åŠ›é‡,/user/2549845843777954348/
61584514,å¤©ä¹‹éª„å­ğŸŒ›,/user/2649270570872725548/
1882357,ç®€å¼˜äº¦,/user/25367957241967148/
40895605,æ·“å„¿ğŸ’•,/user/2525835580831865388/
2064750,å¯¹ä½ æƒ…æ·±,/user/2611453732993999404/
82388759,å¤å¤©ã€æ²è²FMã€‘,/user/2624901520410891308/
2689860,Isolatedislandå­¤å²›,/user/2612657820629293612/
13736,ä»»å¤©å°é¥­å ‚,/user/422/
396097,å¦–å¨†çš„é‡ç™¾åˆ,/user/1647840/
318896,ğŸŒˆCV6ç†™âœ¨ä¹å¤©æ˜Ÿå…‰ğŸ’«,/user/2770501/
810765,ç™½è¼ã€Œä¸€æ¼«ã€ç«ç‘°ğŸ‘‘,/user/2632552253029807148/
27310372,æ©™ä¸ƒã™,/user/2641473182300771372/
73178890,ç¨‹å˜‰æ•,/user/2604916320321195052/
1299480,æ—©å®‰è‹±æ–‡[çƒ­è¡€æ•™å¸ˆ],/user/14563482/
1284743,ä¼Šäººèªª,/user/14090296/
1292185,è¢è¾‰â€”è„¾èƒƒæ´¾å°å„¿æ¨æ‹¿,/user/2522795328101777964/
59008569,èŠ±ç”Ÿ.Mr,/user/2607707140678703148/
1340604,ç‹å°æŸ’77,/user/13457750/
39268363,ä¸€å¦ˆè·³è·³,/user/2619128493803596844/
1525540,ã€FMé™Œå£°äººã€‘å®˜æ–¹æ’­å®¢,/user/2505296055085584428/
13696,æ··ç«¥è¯å¹¿æ’­,/user/265/
1509978,çˆ±è¯´å”±çš„çŒ«ğŸ±å¯çˆ±ğŸ‘‘,/user/2579701162261960748/
49638674,æ–‡æœ¨æ°´ğŸ·,/user/2626080143816889388/
3657131,ç™½è¯å¹¿æ’­,/user/2601296968854873644/
2413514,Vkå®¶çš„å®£ä¼ éƒ¨,/user/2589985072674754604/
89400929,å—åŸæš®æš®â™šé•¿å®‰å¤œå† ,/user/2641455905546027052/
1088048,é½é½é…·å’–,/user/6704471/
1784186,è½»ä¹‹å£°å¹¿æ’­å‰§ç¤¾,/user/13577498/
21405,@Aå°å›,/user/49509/
32482237,å—å®«ğŸ’«æ²è±âœ¨æ‹›åœºæ§,/user/2648125734205288492/
34740697,é¹¿é¹¿å®‰â™¥,/user/2650297684134585388/
3199659,é’èŠœğŸŒ‚,/user/2615830216618935340/
64931619,ä½ çš„éªšç©ºç™½,/user/2622004406135382060/
80594516,å…‹æ‹‰ğŸ’æ‰“èµ·ç²¾ç¥,/user/2624437573748270636/
1514297,æ®‹å†°ğŸ’«æ€»è£,/user/2512244457684115500/
1099206,å°å°‘çˆ·çš„å¦ˆå¦ˆâ€”é¢œå°æ²«,/user/2521974345103342636/
719520,ä¹Œæ±Ÿè¸æœˆ,/user/14182828/
3073118,ä¸çŸ¥é“Â·ç’‡ç’‡ç’‡â›„,/user/2613183019970799660/
24149065,å¹»å£°ğŸ”«ASMR-è‹ç‘¾å¼¦,/user/2619599211484865580/
3879686,é“²å±å®˜æ‰å“¥å“¥,/user/2588052623005409836/
1066826,é„­æ°å¿ƒç†å’¨è¯¢ç½‘,/user/2548090737923962412/
26750,å°è¿ªé˜¿å§¨è®²æ•…äº‹,/user/64108/
964328,æ²¡æœ‰ä¾¦æ¢çš„æ¨ç†å¤œ,/user/5897617/
3403964,è¶…å’¸çš„è–¯å¦¹çº¸,/user/2596525191255411756/
1207226,ç”·ç”·å—å—ä¸äº²,/user/5875301/
3411791,è‚–ç¬›å°é»‘,/user/2600080533184791084/
1934774,XXè°ƒé¢‘,/user/2498577414122520108/
16212293,VikeğŸ“ï¼ˆæ¢¨è‹‘Radioï¼‰,/user/2618725782640945708/
863270,Alexå¤œ,/user/3408949/
2601867,è§¦åŠ¨å¿ƒçµçš„çº¯éŸ³ä¹èƒ¶å›Š,/user/2616070318175304236/
309782,é˜¿æœˆFM,/user/1156633/
40207132,ğŸ¤©å¶åƒå¶ç‚âœ¨S.oneğŸ’«,/user/2636861655790158380/
1789970,é“è›‹è›‹å„¿å“¥,/user/13288571/
1980975,å·¦å³é’æ˜¥ç”µå°,/user/12052368/
1813051,å¤§è€³æœµæ•…äº‹åŸ,/user/2549446656632008748/
2502376,é”¦é”¦å®¶çš„é“ƒå„¿,/user/2590743417870446636/
1645875,æ˜“å°å©‰,/user/4119230/
2615363,éº»äº”æ–—ğŸŒæ©™éŸ³RADIO,/user/2611371082788600876/
42772645,å¥•ä¸€,/user/2605051929699052588/
1369205,ğŸŒ¸å›­é•¿å¦ˆå¦ˆè®²æ•…äº‹ğŸŒ¸,/user/2552588871885929004/
